geneSymbol 	marker 	rsid 	exprID 	chr 	start 	stop 	aveALL 	CRBL 	FCTX 	HIPP 	MEDU 	OCTX 	PUTM 	SNIG 	TCTX 	THAL 	WHMT 
PPP1R13L 	chr19:45329438 	rs78986976	3865346	chr19 	45882903	45908286	4.40E-02	1.60E-06	7.80E-01	6.70E-01	7.00E-01	1.80E-01	5.00E-01	7.10E-01	6.50E-01	9.60E-01	1.30E-01
EED 	chr11:85800279 	rs561655	3343216	chr11 	85955815	86006332	9.90E-02	6.70E-01	6.70E-01	1.00E+00	2.50E-06	6.30E-01	7.80E-01	9.20E-01	6.70E-01	2.80E-02	9.20E-01
EED 	chr11:85867875 	rs10792832	3343208	chr11 	85955815	86006332	2.20E-03	4.90E-01	5.50E-01	5.90E-01	7.00E-06	9.40E-01	1.00E-01	1.50E-01	1.60E-02	2.30E-03	1.10E-01
EED 	chr11:85868640 	rs3851179	3343208	chr11 	85955815	86006332	2.20E-03	4.90E-01	5.50E-01	5.90E-01	7.00E-06	9.40E-01	1.00E-01	1.50E-01	1.60E-02	2.30E-03	1.10E-01
EED 	chr11:85787824 	rs536841	3343216	chr11 	85955815	86006332	2.70E-01	4.80E-01	7.50E-01	7.30E-01	3.70E-05	8.90E-01	7.80E-01	7.50E-01	7.30E-01	1.40E-01	4.40E-01
ARID3A 	chr19:1039323 	rs111278892	3815293	chr19 	929262	972819	3.70E-02	9.20E-02	6.40E-01	2.70E-01	8.10E-01	7.50E-01	6.20E-01	1.50E-01	1.10E-01	5.20E-01	5.70E-05
EML2,MIR330 	chr19:45422946 	rs4420638	3865540	chr19 	46112660	46148832	5.90E-01	3.00E-01	8.40E-01	7.70E-01	7.70E-02	7.40E-01	4.90E-01	6.40E-01	8.20E-01	6.40E-01	7.40E-05
PVRL2 	chr19:45422946 	rs4420638	3835839	chr19 	45349569	45392474	4.30E-02	1.40E-01	1.00E-04	5.60E-01	1.40E-01	3.40E-01	3.40E-01	6.10E-01	5.00E-02	3.00E-01	8.00E-01
CD6 	chr11:59928672 	rs11605427	3332695	chr11 	60739043	60787846	5.50E-01	4.90E-01	2.40E-01	1.20E-04	9.40E-01	4.90E-01	1.30E-01	5.00E-02	4.00E-02	8.00E-01	7.40E-01
TMEM132A 	chr11:59928672 	rs11605427	3332652	chr11 	60691724	60704629	4.50E-01	1.30E-04	7.10E-01	1.20E-01	4.70E-01	8.60E-01	5.80E-01	2.70E-01	7.00E-02	3.20E-01	3.90E-01
ZNF518B 	chr4:11024682 	rs6448451	2760613	chr4 	10366188	10486017	8.10E-01	3.40E-01	9.20E-01	1.70E-05	2.40E-01	1.80E-01	2.90E-01	1.10E-01	4.90E-01	9.90E-01	7.80E-01
ZNF180 	chr19:45830947 	rs123187	3864942	chr19 	44979797	45004824	2.10E-03	2.40E-05	2.50E-01	8.90E-02	9.80E-01	3.20E-03	1.80E-01	1.50E-01	5.00E-01	7.10E-01	5.50E-02
ERCC2 	chr19:45830947 	rs123187	3865303	chr19 	45853095	45874166	4.10E-05	3.90E-03	1.30E-02	4.30E-01	5.50E-02	1.90E-01	3.70E-02	2.50E-01	2.90E-05	3.10E-02	3.10E-05
ERCC2 	chr19:45830947 	rs123187	3865308	chr19 	45853095	45874166	4.50E-05	1.10E-03	9.60E-04	4.20E-03	2.10E-01	1.90E-01	2.70E-02	1.50E-01	8.80E-05	3.80E-02	1.50E-04
OPA3 	chr19:45407788 	rs7259620	3865502	chr19 	46050978	46054038	6.30E-05	8.80E-01	1.50E-02	3.10E-01	5.00E-01	1.20E-01	2.00E-03	1.00E+00	9.80E-01	8.00E-01	6.50E-03
CD3EAP 	chr19:45328379 	rs58826447	3836261	chr19 	45905820	45913991	4.40E-01	6.90E-01	4.50E-01	9.30E-01	8.60E-01	1.00E+00	8.80E-01	1.20E-04	8.50E-01	3.10E-01	4.50E-01
RNF183 	chr9:116889534 	rs79523756	3221582	chr9 	116059375	116065827	5.60E-02	2.50E-01	4.70E-01	2.20E-01	8.60E-01	7.90E-01	1.20E-04	8.90E-01	3.40E-02	6.30E-02	5.10E-01
MOSC2 	chr1:221694991 	rs12137733	2381307	chr1 	220921591	220958145	1.20E-04	1.30E-03	5.30E-01	1.00E-01	4.80E-02	3.40E-01	5.80E-02	5.70E-01	2.30E-01	1.90E-03	7.20E-01
CD3EAP 	chr19:45329214 	rs10402271	3836261	chr19 	45905820	45913991	4.30E-01	5.80E-01	4.50E-01	9.30E-01	8.40E-01	9.90E-01	8.10E-01	1.20E-04	9.00E-01	3.00E-01	4.20E-01
ERCC2 	chr19:45830947 	rs123187	3865311	chr19 	45853095	45874166	1.30E-04	6.80E-01	2.20E-02	1.20E-01	2.80E-01	7.70E-01	4.90E-02	3.70E-02	1.70E-01	6.40E-01	3.10E-04
